time,pdcl,pdtl
7.3909759521484375e-06,0.0,5.285
0.0242159366607666,2.908882086657216,5.285
0.04854297637939453,4.903544088936454,5.285
0.07288384437561035,6.067096923599321,5.285
0.09716606140136719,3.989324004558465,5.285
0.12143492698669434,3.2413257537037476,5.285
0.14610910415649414,3.823102171035193,5.285
0.17115139961242676,3.823102171035205,5.285
0.19629454612731934,5.485320506267888,5.285
0.22111225128173828,4.57110042188991,5.285
0.2465531826019287,3.407547587227019,5.285
0.27139878273010254,5.069765922459714,5.285
0.29627203941345215,6.7319842576924085,5.285
0.32100820541381836,3.158214836942117,5.285
0.3458280563354492,3.324436670465389,5.285
0.3704209327697754,2.74266025313395,5.285
0.3947794437408447,3.4906585039886546,5.285
0.41908812522888184,3.5737694207502972,5.285
0.44344472885131836,4.321767671605008,5.285
0.467754602432251,3.906213087796835,5.285
0.4920525550842285,6.565762424169149,5.285
0.5164344310760498,5.983986006837699,5.285
0.5407507419586182,5.069765922459717,5.285
0.5650367736816406,4.487989505128277,5.285
0.5894081592559814,4.238656754843372,5.285
0.613715648651123,2.4102165860874076,5.285
0.6380548477172852,4.820433172174824,5.285
0.662325382232666,5.651542339791124,5.285
0.6866433620452881,6.898206091215693,5.285
0.7108941078186035,6.1502078403609515,5.285
0.7360568046569824,5.152876839221344,5.285
0.7608237266540527,4.57110042188991,5.285
0.7856235504150391,4.321767671604996,5.285
0.8103835582733154,1.9946620022792618,5.285
0.8351774215698242,3.6568803375119563,5.285
0.8599627017974854,5.402209589506258,5.285
0.8846845626831055,6.067096923599345,5.285
0.9093236923217773,5.319098672744604,5.285
0.93414306640625,4.90354408893643,5.285
0.9586660861968994,5.485320506267864,5.285
0.9829883575439453,5.402209589506282,5.285
1.0072500705718994,5.319098672744627,5.285
1.0315730571746826,5.5684314230295415,5.285
1.0559401512145996,5.485320506267888,5.285
1.080291748046875,5.319098672744627,5.285
1.1046030521392822,5.5684314230295415,5.285
1.1289563179016113,6.815095174454038,5.285
1.1532535552978516,5.402209589506258,5.285
1.1775803565979004,4.57110042188991,5.285
1.201894998550415,5.077321460347145,5.285
1.227611780166626,5.870652938526386,5.285
1.2538042068481445,5.077321460347145,5.285
1.2800021171569824,5.791319790708467,5.285
1.3061890602111816,6.108652381980167,5.285
1.3328957557678223,6.267318677616006,5.285
1.360208511352539,4.2046568343499855,5.285
1.387883186340332,4.918655164711283,5.285
1.414959192276001,4.1555458380817365,5.285
1.4401953220367432,4.57110042188991,5.285
1.4653358459472656,5.069765922459726,5.285
1.490476369857788,5.069765922459714,5.285
1.5155375003814697,5.319098672744627,5.285
1.5405728816986084,5.568431423029529,5.285
1.566042184829712,5.900875090076072,5.285
1.5907132625579834,5.734653256552801,5.285
1.6151783466339111,4.571100421889904,5.285
1.6396961212158203,4.654211338651546,5.285
1.6653451919555664,4.57110042188991,5.285
1.6905553340911865,5.0697659224597205,5.285
1.7149784564971924,4.487989505128274,5.285
1.7395551204681396,5.983986006837703,5.285
1.7639203071594238,6.150207840360969,5.285
1.7882516384124756,5.235987755982989,5.285
1.8126740455627441,5.319098672744622,5.285
1.836988925933838,5.900875090076037,5.285
1.8612921237945557,5.983986006837738,5.285
1.886176347732544,5.5684314230295175,5.285
1.9104835987091064,6.1502078403609515,5.285
1.9348998069763184,5.235987755982998,5.285
1.9601333141326904,4.680655721257547,5.285
1.9863255023956299,5.152876839221391,5.285
2.01279616355896,5.5684314230295175,5.285
2.039201021194458,4.487989505128256,5.285
2.06534481048584,5.817764173314432,5.285
2.0912647247314453,5.817764173314432,5.285
2.1174113750457764,5.069765922459738,5.285
2.143641948699951,4.1555458380817365,5.285
2.1692285537719727,5.069765922459738,5.285
2.1945297718048096,4.8204331721748,5.285
2.2198472023010254,6.399540590645865,5.285
2.245204448699951,7.563093425308756,5.285
2.2704761028289795,5.235987755982974,5.285
2.295804738998413,3.0751039201804993,5.285
2.321169376373291,4.73732225541317,5.285
2.3465635776519775,4.072434921320107,5.285
2.3718645572662354,1.5791074184710645,5.285
2.3972201347351074,2.659549336372302,5.285
2.4224133491516113,7.313760675023842,5.285
2.4477932453155518,7.64620434207041,5.285
2.4731533527374268,5.485320506267888,5.285
2.498518705368042,4.072434921320107,5.285
2.524364709854126,3.573769420750303,5.285
2.5507452487945557,3.324436670465389,5.285
2.576848268508911,5.152876839221344,5.285
2.6024680137634277,4.654211338651541,5.285
2.6288130283355713,5.319098672744604,5.285
2.654517412185669,5.817764173314432,5.285
2.680128335952759,5.069765922459714,5.285
2.7057502269744873,4.321767671605008,5.285
2.7316548824310303,5.319098672744617,5.285
2.7569403648376465,4.487989505128268,5.285
2.7818603515625,5.235987755982985,5.285
2.806861400604248,4.997988312529214,5.285
2.833857297897339,4.283989982167904,5.285
2.861630916595459,3.966657390896204,5.285
2.889406681060791,5.394654051618835,5.285
2.917262077331543,5.791319790708461,5.285
2.9458186626434326,4.759988869075444,5.285
2.9744646549224854,5.47398719943676,5.285
3.0031685829162598,6.18798552979808,5.285
3.0309998989105225,5.47398719943676,5.285
3.058177947998047,4.839322016893369,5.285
3.0852408409118652,4.759988869075444,5.285
3.1123173236846924,4.442656277803721,5.285
3.139373302459717,4.918655164711329,5.285
3.167008638381958,7.139983303613167,5.285
3.195420503616333,5.473987199436788,5.285
3.2229268550872803,4.204656834349939,5.285
3.2498018741607666,4.283989982167882,5.285
3.276860237121582,5.394654051618846,5.285
3.3043439388275146,4.442656277803766,5.285
3.330284357070923,6.1502078403609985,5.285
3.3552932739257812,5.235987755982998,5.285
3.3802649974823,4.654211338651564,5.285
3.4051425457000732,5.319098672744604,5.285
3.429867744445801,5.651542339791124,5.285
3.454282283782959,4.903544088936477,5.285
3.478705406188965,5.069765922459738,5.285
3.5031821727752686,6.7319842576924085,5.285
3.5276496410369873,4.654211338651541,5.285
3.552114248275757,3.739991254273563,5.285
3.5765633583068848,4.654211338651541,5.285
3.6010122299194336,6.565762424169149,5.285
3.6254382133483887,5.402209589506258,5.285
3.6498935222625732,4.820433172174824,5.285
3.6742846965789795,5.152876839221344,5.285
3.698720932006836,5.900875090076061,5.285
3.723165512084961,5.235987755982998,5.285
3.747610569000244,5.5684314230295175,5.285
3.7720062732696533,7.479982508547126,5.285
3.7971243858337402,5.152876839221368,5.285
3.8222708702087402,4.57110042188991,5.285
3.8472821712493896,4.23865675484339,5.285
3.8726742267608643,3.9893240045584535,5.285
3.8977720737457275,4.57110042188991,5.285
3.922764539718628,5.069765922459714,5.285
3.9477014541625977,6.316429673884247,5.285
3.9726643562316895,5.319098672744627,5.285
3.9979476928710938,5.235987755982985,5.285
4.02254581451416,3.887324243078284,5.285
4.048929214477539,5.473987199436754,5.285
4.076096773147583,4.759988869075444,5.285
4.10333251953125,4.680655721257519,5.285
4.130423545837402,5.553320347254685,5.285
4.157181262969971,4.204656834349974,5.285
4.183580636978149,4.759988869075444,5.285
4.209734916687012,6.187985529798075,5.285
4.235961675643921,6.108652381980153,5.285
4.262125253677368,5.632653495072609,5.285
4.288324356079102,6.187985529798078,5.285
4.3145811557769775,5.79131979070842,5.285
4.340807914733887,5.791319790708467,5.285
4.367011547088623,7.377982747066904,5.285
4.393216133117676,5.791319790708467,5.285
4.419812202453613,5.651542339791171,5.285
4.4455671310424805,6.298362083283894,5.285
4.472362279891968,5.319098672744604,5.285
4.497476816177368,5.06976592245969,5.285
4.522270441055298,5.983986006837738,5.285
4.547134160995483,5.319098672744651,5.285
4.571789026260376,4.820433172174824,5.285
4.596466779708862,4.404878588366651,5.285
4.621365785598755,5.069765922459738,5.285
4.645865201950073,4.9866550056980845,5.285
4.670093059539795,4.404878588366627,5.285
4.694293022155762,5.402209589506258,5.285
4.718493461608887,5.485320506267888,5.285
4.742670774459839,4.48798950512828,5.285
4.767178058624268,4.238656754843367,5.285
4.791429281234741,5.402209589506258,5.285
4.815683841705322,6.233318757122605,5.285
4.839892148971558,4.73732225541317,5.285
4.8640875816345215,5.235987755982998,5.285
4.888334274291992,5.651542339791171,5.285
4.912543058395386,6.067096923599321,5.285
4.9368202686309814,6.482651507407495,5.285
4.961089849472046,6.399540590645889,5.285
4.9853315353393555,5.734653256552779,5.285
5.010226488113403,5.152876839221368,5.285
5.035158157348633,6.815095174454038,5.285
5.059983968734741,4.9866550056980845,5.285
5.084721803665161,3.906213087796835,5.285
5.109535217285156,4.238656754843379,5.285
5.134296655654907,6.316429673884247,5.285
5.159027814865112,5.402209589506258,5.285
5.183710336685181,4.487989505128268,5.285
5.208818674087524,4.903544088936454,5.285
5.23335599899292,4.48798950512828,5.285
5.257657051086426,4.903544088936454,5.285
5.28196907043457,4.737322255413182,5.285
5.306315660476685,4.820433172174812,5.285
5.330571174621582,4.737322255413182,5.285
5.354888200759888,4.654211338651546,5.285
5.379210472106934,5.235987755982985,5.285
5.403456211090088,6.89820609121568,5.285
5.4277520179748535,5.402209589506258,5.285
5.452032566070557,4.9866550056980845,5.285
5.476317405700684,4.238656754843372,5.285
5.500627040863037,4.820433172174824,5.285
5.524898052215576,4.820433172174824,5.285
5.549160003662109,5.734653256552779,5.285
5.573720216751099,7.2986495992490505,5.285
5.599463701248169,6.316429673884258,5.285
5.625596046447754,4.654211338651564,5.285
5.65056848526001,4.73732225541317,5.285
5.67594838142395,4.654211338651564,5.285
5.700934171676636,4.57110042188991,5.285
5.725811958312988,5.651542339791171,5.285
5.750696897506714,6.316429673884258,5.285
5.775526762008667,5.152876839221344,5.285
5.8002636432647705,4.820433172174824,5.285
5.824703216552734,5.900875090076037,5.285
5.849088191986084,5.319098672744627,5.285
5.873445987701416,5.152876839221368,5.285
5.8978376388549805,6.648873340930778,5.285
5.922213077545166,4.737322255413194,5.285
5.946657419204712,4.072434921320107,5.285
5.971035957336426,4.73732225541317,5.285
5.995513916015625,5.900875090076061,5.285
6.019933223724365,5.069765922459738,5.285
6.04426646232605,4.238656754843367,5.285
6.068627595901489,7.646204342070386,5.285
6.092997312545776,6.316429673884234,5.285
6.117359399795532,4.9866550056980845,5.285
6.141699552536011,5.069765922459714,5.285
6.166596174240112,4.404878588366651,5.285
6.191715240478516,3.989324004558476,5.285
6.216980695724487,5.485320506267888,5.285
6.241894721984863,5.319098672744627,5.285
6.2671568393707275,5.402209589506258,5.285
6.292112588882446,5.235987755982985,5.285
6.316986560821533,4.487989505128268,5.285
6.341826915740967,5.235987755982985,5.285
6.3671019077301025,5.319098672744627,5.285
6.3917014598846436,4.404878588366639,5.285
6.416201114654541,3.989324004558465,5.285
6.4406044483184814,4.9866550056980845,5.285
6.465099811553955,4.820433172174824,5.285
6.489567518234253,4.903544088936454,5.285
6.514033079147339,5.734653256552801,5.285
6.538532257080078,5.900875090076068,5.285
6.562939167022705,4.820433172174812,5.285
6.587401866912842,5.402209589506258,5.285
6.611868381500244,5.983986006837703,5.285
6.636394023895264,5.65154233979116,5.285
6.660883903503418,5.485320506267893,5.285
6.685400009155273,6.233318757122606,5.285
6.709847450256348,5.651542339791124,5.285
6.7342140674591064,5.235987755982998,5.285
6.759278774261475,5.06976592245969,5.285
6.784361124038696,5.900875090076037,5.285
6.809398174285889,4.820433172174824,5.285
6.834390878677368,5.5684314230295175,5.285
6.859495162963867,5.734653256552779,5.285
6.884556770324707,5.734653256552779,5.285
6.9095683097839355,5.235987755982998,5.285
6.934483766555786,6.565762424169173,5.285
6.959872484207153,5.651542339791171,5.285
6.98466420173645,4.73732225541317,5.285
7.009216070175171,5.402209589506258,5.285
7.033745765686035,5.485320506267911,5.285
7.058312892913818,4.73732225541317,5.285
7.0827906131744385,4.73732225541317,5.285
7.107337236404419,5.485320506267888,5.285
7.131792783737183,4.9866550056980845,5.285
7.156340837478638,3.989324004558476,5.285
7.180938720703125,4.9866550056980845,5.285
7.20550012588501,6.233318757122605,5.285
7.2299957275390625,5.734653256552801,5.285
7.254601240158081,4.839322016893363,5.285
7.281274080276489,6.267318677616006,5.285
7.307963848114014,6.029319234162226,5.285
7.335334062576294,6.067096923599345,5.285
7.3609137535095215,6.482651507407495,5.285
7.385922908782959,5.5684314230295175,5.285
7.410775184631348,5.152876839221368,5.285
7.435940504074097,6.316429673884234,5.285
7.460861921310425,5.235987755982985,5.285
7.485702037811279,4.57110042188991,5.285
7.510457754135132,4.9866550056980845,5.285
7.535183668136597,5.568431423029529,5.285
7.559868097305298,4.737322255413182,5.285
7.584324598312378,5.402209589506258,5.285
7.608640670776367,5.235987755982985,5.285
7.632953882217407,4.9866550056980845,5.285
7.65725302696228,4.9866550056980845,5.285
7.68154239654541,3.8231021710351984,5.285
7.705891132354736,4.321767671605002,5.285
7.730205774307251,5.983986006837696,5.285
7.754564046859741,5.0697659224597205,5.285
7.77892279624939,5.734653256552796,5.285
7.803274631500244,6.067096923599336,5.285
7.827615976333618,5.485320506267893,5.285
7.8519580364227295,6.067096923599336,5.285
7.876352071762085,6.482651507407518,5.285
7.900677442550659,5.651542339791171,5.285
7.925367116928101,5.152876839221344,5.285
7.95051908493042,5.900875090076085,5.285
7.975502014160156,6.067096923599345,5.285
8.00030779838562,5.485320506267864,5.285
8.025477647781372,5.5684314230295175,5.285
8.050285339355469,6.067096923599345,5.285
8.075011253356934,5.651542339791171,5.285
8.099717617034912,6.399540590645865,5.285
8.124398231506348,5.817764173314432,5.285
8.14895248413086,4.73732225541317,5.285
8.173264980316162,4.57110042188991,5.285
8.19753885269165,5.319098672744651,5.285
8.221893072128296,4.737322255413194,5.285
8.246212244033813,5.651542339791148,5.285
8.270492315292358,5.900875090076061,5.285
8.294785499572754,4.9866550056980845,5.285
8.319114208221436,5.235987755982998,5.285
8.343405485153198,6.1502078403609515,5.285
8.367722272872925,5.734653256552801,5.285
8.392008781433105,5.319098672744604,5.285
8.416341304779053,5.900875090076085,5.285
8.440659999847412,6.565762424169149,5.285
8.464950561523438,5.069765922459714,5.285
8.489298343658447,5.651542339791171,5.285
8.51400876045227,6.482651507407518,5.285
8.538954734802246,4.820433172174824,5.285
8.563700437545776,4.57110042188991,5.285
8.588595628738403,4.903544088936454,5.285
8.613468647003174,6.067096923599345,5.285
8.638308763504028,5.1528768392213555,5.285
8.663045644760132,4.072434921320107,5.285
8.687776803970337,4.820433172174812,5.285
8.712668418884277,5.1528768392213555,5.285
8.737261056900024,5.734653256552801,5.285
8.761597871780396,5.7346532565527895,5.285
8.78595781326294,6.067096923599333,5.285
8.81028437614441,4.404878588366639,5.285
8.834593057632446,3.656880337511933,5.285
8.85891342163086,6.233318757122611,5.285
8.88327169418335,5.568431423029529,5.285
8.90753436088562,4.48798950512828,5.285
8.931810140609741,4.737322255413177,5.285
8.95615553855896,6.067096923599333,5.285
8.980412244796753,4.654211338651546,5.285
9.004719495773315,4.9866550056980845,5.285
9.029040098190308,5.568431423029526,5.285
9.053318500518799,5.983986006837738,5.285
9.077590227127075,4.73732225541317,5.285
9.102286577224731,5.651542339791171,5.285
9.12725043296814,5.651542339791171,5.285
9.152081966400146,5.402209589506258,5.285
9.1771240234375,5.235987755982998,5.285
9.20197343826294,7.147538841500606,5.285
9.226804256439209,6.067096923599299,5.285
9.251542091369629,4.73732225541317,5.285
9.276323318481445,5.319098672744604,5.285
9.301413297653198,4.238656754843343,5.285
9.325905799865723,3.4906585039886497,5.285
9.350189924240112,4.1555458380817365,5.285
9.374447107315063,5.319098672744651,5.285
9.398792505264282,5.402209589506258,5.285
9.423110485076904,5.900875090076085,5.285
9.447420835494995,5.983986006837692,5.285
9.472559928894043,6.425984973251867,5.285
9.499426126480103,5.077321460347145,5.285
9.526277303695679,4.997988312529225,5.285
9.553086042404175,4.918655164711283,5.285
9.581932067871094,4.680655721257502,5.285
9.609472036361694,4.839322016893386,5.285
9.635894060134888,6.267318677616006,5.285
9.662149906158447,5.473987199436743,5.285
9.688764810562134,4.363323129985824,5.285
9.716081142425537,8.409313668699948,5.285
9.75259780883789,5.734653256552779,5.285
9.778753280639648,2.8257711698955856,5.285
9.803723096847534,3.241325753703759,5.285
9.82911205291748,3.324436670465389,5.285
9.854097843170166,4.1555458380817365,5.285
9.878963232040405,5.7346532565527895,5.285
9.903806924819946,4.321767671605008,5.285
9.928665399551392,5.319098672744627,5.285
9.9533212184906,5.402209589506258,5.285
9.977667331695557,5.319098672744627,5.285
10.00207233428955,5.734653256552801,5.285
10.026498079299927,5.319098672744617,5.285
10.050907611846924,4.903544088936442,5.285
10.075273990631104,4.654211338651541,5.285
10.099620819091797,5.651542339791165,5.285
10.124029636383057,6.233318757122605,5.285
10.148401021957397,4.9866550056980845,5.285
10.172776699066162,4.654211338651546,5.285
10.19717812538147,6.3164296738842385,5.285
10.221519947052002,5.568431423029529,5.285
10.24592924118042,4.9866550056980845,5.285
10.270300149917603,5.485320506267893,5.285
10.294646978378296,6.1502078403609515,5.285
10.319899320602417,6.233318757122605,5.285
10.344985485076904,6.815095174454086,5.285
10.369810342788696,5.651542339791171,5.285
10.394665479660034,4.654211338651564,5.285
10.41956877708435,4.90354408893643,5.285
10.444525241851807,5.152876839221391,5.285
10.469391822814941,4.90354408893643,5.285
10.494321823120117,4.321767671604996,5.285
10.519553422927856,5.152876839221344,5.285
10.544195652008057,4.9866550056980845,5.285
10.568575382232666,4.654211338651517,5.285
10.59295916557312,4.1555458380817365,5.285
10.617380380630493,5.152876839221391,5.285
10.641730785369873,5.485320506267911,5.285
10.666151523590088,4.737322255413194,5.285
10.690530061721802,5.485320506267911,5.285
10.714878797531128,5.900875090076061,5.285
10.73921251296997,5.900875090076085,5.285
10.763541221618652,5.319098672744627,5.285
10.78787875175476,6.233318757122605,5.285
10.812248706817627,6.399540590645865,5.285
10.836649417877197,5.651542339791148,5.285
10.860967636108398,5.485320506267888,5.285
10.885325908660889,5.5684314230295175,5.285
10.91057276725769,5.5684314230295415,5.285
10.935339212417603,7.729315258832039,5.285
10.960006475448608,6.898206091215669,5.285
10.98506236076355,4.238656754843367,5.285
11.009851932525635,3.4906585039886497,5.285
11.034464597702026,3.739991254273563,5.285
11.059082746505737,4.321767671604996,5.285
11.083693504333496,2.991993003418846,5.285
11.108209371566772,3.407547587227031,5.285
11.132531881332397,4.654211338651553,5.285
11.156744956970215,6.815095174454051,5.285
11.180917978286743,5.402209589506258,5.285
11.205127239227295,4.321767671605008,5.285
11.230443954467773,4.820433172174812,5.285
11.2547025680542,5.402209589506258,5.285
11.278981447219849,4.238656754843367,5.285
11.303125381469727,5.319098672744622,5.285
11.327310562133789,5.817764173314432,5.285
11.351481914520264,5.0697659224597205,5.285
11.37570595741272,5.152876839221349,5.285
11.399914264678955,5.152876839221349,5.285
11.424145221710205,6.067096923599336,5.285
11.448493242263794,5.485320506267893,5.285
11.472695350646973,5.900875090076066,5.285
11.497341394424438,6.731984257692432,5.285
11.522152423858643,6.1502078403609515,5.285
11.546880960464478,5.485320506267864,5.285
11.572008848190308,6.731984257692432,5.285
11.596984624862671,4.9866550056980845,5.285
11.621700525283813,4.487989505128256,5.285
11.646517276763916,5.235987755982998,5.285
11.67120885848999,4.820433172174824,5.285
11.695932865142822,4.321767671605044,5.285
11.720333576202393,4.072434921320083,5.285
11.744580745697021,5.900875090076085,5.285
11.768887519836426,5.319098672744604,5.285
11.793184518814087,4.9866550056980845,5.285
11.817461490631104,4.903544088936477,5.285
11.841785669326782,4.73732225541317,5.285
11.866137027740479,4.903544088936477,5.285
11.891343355178833,4.442656277803744,5.285
11.917579174041748,5.235987755982984,5.285
11.943764209747314,5.077321460347145,5.285
11.969951152801514,4.2046568343499855,5.285
11.996355056762695,5.315320903800904,5.285
12.022732734680176,5.711986642890547,5.285
12.04907774925232,5.315320903800904,5.285
12.075533390045166,5.315320903800926,5.285
12.102319955825806,5.711986642890524,5.285
12.129753351211548,5.949986086344306,5.285
12.156992435455322,5.791319790708467,5.285
12.184022426605225,7.139983303613167,5.285
12.210880756378174,4.918655164711283,5.285
12.237965822219849,4.680655721257502,5.285
12.26481819152832,5.632653495072605,5.285
12.291115760803223,5.069765922459726,5.285
12.315822839736938,4.321767671605008,5.285
12.34048056602478,5.235987755982998,5.285
12.365349292755127,5.651542339791171,5.285
12.389739513397217,5.402209589506258,5.285
12.414001226425171,4.903544088936442,5.285
12.438241958618164,5.319098672744627,5.285
12.462499618530273,4.903544088936454,5.285
12.486814737319946,4.737322255413177,5.285
12.511064529418945,4.487989505128274,5.285
12.535426616668701,4.820433172174818,5.285
12.559733152389526,5.152876839221349,5.285
12.58401083946228,4.238656754843367,5.285
12.60840892791748,5.983986006837699,5.285
12.632826805114746,6.150207840360969,5.285
12.65723466873169,5.402209589506258,5.285
12.681624412536621,5.6515423397911615,5.285
12.70604681968689,6.898206091215693,5.285
12.730933666229248,5.632653495072627,5.285
12.756362438201904,5.5684314230295175,5.285
12.784032344818115,6.565762424169125,5.285
12.810104608535767,6.399540590645865,5.285
12.83694338798523,6.648873340930778,5.285
12.863144159317017,4.90354408893643,5.285
12.889153480529785,4.654211338651517,5.285
12.91498875617981,4.321767671604996,5.285
12.94136667251587,4.654211338651564,5.285
12.967020750045776,4.90354408893643,5.285
12.992310285568237,3.7286579474424677,5.285
13.020199298858643,4.997988312529181,5.285
13.04879093170166,5.473987199436788,5.285
13.077346086502075,5.315320903800926,5.285
13.105822086334229,5.949986086344306,5.285
13.134337186813354,6.029319234162226,5.285
13.162821054458618,5.791319790708467,5.285
13.19128131866455,5.394654051618824,5.285
13.219205856323242,5.235987755983006,5.285
13.246909141540527,7.2193164514311094,5.285
13.274639368057251,5.949986086344306,5.285
13.302231788635254,5.711986642890547,5.285
13.329933643341064,4.283989982167904,5.285
13.358241319656372,4.442656277803744,5.285
13.387805938720703,5.651542339791148,5.285
13.414691686630249,5.900875090076085,5.285
13.44114065170288,6.565762424169149,5.285
13.467848062515259,6.316429673884234,5.285
13.494033813476562,5.152876839221344,5.285
13.52000904083252,4.654211338651541,5.285
13.54597806930542,4.238656754843379,5.285
13.571963787078857,4.321767671605008,5.285
13.597317457199097,5.069765922459714,5.285
13.622262239456177,5.235987755982985,5.285
13.647245407104492,4.73732225541317,5.285
13.67218565940857,4.98665500569809,5.285
13.696690320968628,4.487989505128274,5.285
13.721128940582275,5.2359877559829915,5.285
13.74566125869751,4.654211338651546,5.285
13.770155668258667,4.737322255413182,5.285
13.794610738754272,5.402209589506261,5.285
13.819180250167847,5.734653256552796,5.285
13.843750953674316,5.402209589506259,5.285
13.868295431137085,5.734653256552796,5.285
13.89292287826538,5.983986006837692,5.285
13.917499303817749,6.648873340930778,5.285
13.941987991333008,7.479982508547126,5.285
13.967004299163818,4.9866550056980845,5.285
13.991663932800293,5.651542339791171,5.285
14.016334056854248,4.487989505128256,5.285
14.041043519973755,3.989324004558476,5.285
14.06590223312378,3.4075475872269956,5.285
14.090670108795166,4.2839899821679275,5.285
14.116737604141235,5.235987755983006,5.285
14.143287897109985,5.632653495072627,5.285
14.169912099838257,5.394654051618846,5.285
14.196646213531494,5.235987755982998,5.285
14.221727848052979,5.734653256552824,5.285
14.246381998062134,5.485320506267888,5.285
14.27076268196106,6.565762424169125,5.285
14.295042991638184,6.233318757122605,5.285
14.319304704666138,5.402209589506258,5.285
14.34354543685913,4.73732225541317,5.285
14.367905378341675,5.485320506267888,5.285
14.39215087890625,5.485320506267888,5.285
14.416486501693726,6.067096923599345,5.285
14.440744638442993,7.396871591785473,5.285
14.464986324310303,5.402209589506258,5.285
14.489211559295654,5.485320506267888,5.285
14.513510465621948,4.404878588366651,5.285
14.537787914276123,5.319098672744627,5.285
14.562061786651611,6.316429673884234,5.285
14.586679935455322,6.1502078403609755,5.285
14.611784219741821,5.45415391248228,5.285
14.638634443283081,4.737322255413182,5.285
14.663285732269287,5.235987755982998,5.285
14.688199043273926,4.404878588366639,5.285
14.712924480438232,5.900875090076061,5.285
14.737553834915161,5.235987755982985,5.285
14.762155294418335,4.903544088936454,5.285
14.78713059425354,5.734653256552801,5.285
14.811548948287964,4.820433172174824,5.285
14.835844278335571,5.069765922459714,5.285
14.860005617141724,5.069765922459726,5.285
14.884200096130371,5.568431423029524,5.285
14.908771514892578,5.394654051618835,5.285
14.935469150543213,6.267318677616001,5.285
14.965880870819092,7.139983303613164,5.285
14.994128942489624,4.759988869075444,5.285
15.02120304107666,4.045990538714127,5.285
15.048082828521729,5.07732146034714,5.285
15.074897050857544,4.680655721257547,5.285
15.102614402770996,5.235987755982998,5.285
15.12769865989685,6.233318757122605,5.285
15.151899099349976,6.482651507407518,5.285
15.17637825012207,5.235987755982998,5.285
15.201149702072144,4.820433172174824,5.285
15.226303815841675,5.319098672744651,5.285
15.251370191574097,4.9866550056980845,5.285
15.276200771331787,5.485320506267864,5.285
15.30155062675476,7.147538841500606,5.285
15.326450109481812,5.651542339791171,5.285
15.35121750831604,4.487989505128256,5.285
15.375982761383057,3.906213087796823,5.285
15.401179075241089,4.404878588366651,5.285
15.425796270370483,4.654211338651564,5.285
15.450134038925171,4.238656754843367,5.285
15.474408864974976,5.5684314230295175,5.285
15.498750925064087,4.654211338651541,5.285
15.523020029067993,5.069765922459714,5.285
15.547600269317627,4.57110042188991,5.285
15.571908950805664,6.565762424169149,5.285
15.596261978149414,5.651542339791171,5.285
15.620522260665894,4.321767671604996,5.285
15.644815921783447,5.319098672744627,5.285
15.669080972671509,4.654211338651541,5.285
15.693361043930054,6.316429673884234,5.285
15.717692852020264,5.402209589506258,5.285
15.741949796676636,6.7319842576924085,5.285
15.766291856765747,5.983986006837714,5.285
15.791051149368286,4.125323686532043,5.285
15.817599058151245,5.632653495072605,5.285
15.844486474990845,4.839322016893375,5.285
15.87136173248291,4.680655721257513,5.285
15.898499011993408,4.072434921320107,5.285
15.924092769622803,4.9866550056980845,5.285
15.94890570640564,4.9866550056980845,5.285
15.97380256652832,4.321767671605008,5.285
15.998655796051025,4.57110042188991,5.285
16.023340702056885,5.568431423029529,5.285
16.047740697860718,5.65154233979116,5.285
16.072100162506104,5.568431423029529,5.285
16.09656047821045,4.737322255413182,5.285
16.120933771133423,4.820433172174818,5.285
16.14535880088806,5.900875090076068,5.285
16.169761180877686,6.898206091215684,5.285
16.194136142730713,5.319098672744626,5.285
16.21850275993347,4.404878588366642,5.285
16.242949724197388,4.654211338651544,5.285
16.267389059066772,6.150207840360971,5.285
16.291804313659668,5.734653256552779,5.285
16.316368341445923,5.06976592245969,5.285
16.340799570083618,6.1502078403609985,5.285
16.365309953689575,5.900875090076037,5.285
16.390506982803345,5.319098672744651,5.285
16.415784120559692,5.152876839221344,5.285
16.44077730178833,5.319098672744651,5.285
16.46589946746826,5.651542339791171,5.285
16.490940809249878,6.565762424169173,5.285
16.516002893447876,7.396871591785473,5.285
16.540887594223022,5.983986006837738,5.285
16.565786838531494,3.8231021710351696,5.285
16.591135501861572,4.072434921320083,5.285
16.615904092788696,3.573769420750303,5.285
16.640372276306152,3.158214836942129,5.285
16.664830446243286,2.243994752564152,5.285
16.689306020736694,4.57110042188991,5.285
16.713764190673828,6.815095174454062,5.285
16.738195419311523,5.651542339791171,5.285
16.762655019760132,4.404878588366651,5.285
16.787127017974854,5.069765922459738,5.285
16.811555862426758,5.983986006837692,5.285
16.83608889579773,5.319098672744627,5.285
16.860515356063843,5.069765922459714,5.285
16.88498616218567,6.316429673884234,5.285
16.90943670272827,5.900875090076061,5.285
16.933892965316772,5.817764173314432,5.285
16.9587345123291,6.316429673884234,5.285
16.984058618545532,5.5684314230295175,5.285
17.0091450214386,5.651542339791148,5.285
17.034109354019165,5.734653256552779,5.285
17.059346914291382,5.65154233979116,5.285
17.08430314064026,5.1528768392213555,5.285
17.10922336578369,6.150207840360963,5.285
17.13407826423645,6.067096923599333,5.285
17.158981323242188,5.069765922459714,5.285
17.183772087097168,5.069765922459714,5.285
17.208378553390503,5.319098672744627,5.285
17.232856035232544,5.568431423029529,5.285
17.257355451583862,6.981317007977323,5.285
17.281787872314453,6.89820609121568,5.285
17.306273221969604,4.680655721257519,5.285
17.332582235336304,4.521989425621674,5.285
17.359678268432617,4.045990538714126,5.285
17.386873245239258,3.4906585039886613,5.285
17.41391682624817,3.0939927648990375,5.285
17.440642833709717,4.759988869075444,5.285
17.46712374687195,6.743317564523546,5.285
17.493554830551147,5.870652938526363,5.285
17.519784688949585,4.363323129985824,5.285
17.546011686325073,4.997988312529225,5.285
17.572053909301758,4.521989425621664,5.285
17.59856867790222,4.918655164711283,5.285
17.625373363494873,4.487989505128304,5.285
17.650541305541992,4.90354408893643,5.285
17.6751811504364,5.235987755982951,5.285
17.700300693511963,4.9866550056980845,5.285
17.725123643875122,5.485320506267864,5.285
17.74973201751709,5.235987755982998,5.285
17.774375677108765,4.654211338651517,5.285
17.79900574684143,4.404878588366603,5.285
17.82344961166382,5.734653256552824,5.285
17.84763503074646,5.734653256552779,5.285
17.871889114379883,5.235987755982998,5.285
17.89611792564392,5.5684314230295175,5.285
17.92027997970581,5.485320506267888,5.285
17.944475889205933,5.5684314230295415,5.285
17.968677043914795,6.815095174454038,5.285
17.992865085601807,6.316429673884258,5.285
18.017081260681152,4.9866550056980845,5.285
18.041259050369263,4.9866550056980845,5.285
18.065467357635498,4.654211338651541,5.285
18.089640378952026,5.485320506267888,5.285
18.11381697654724,4.820433172174824,5.285
18.13804864883423,5.900875090076085,5.285
18.162272214889526,6.482651507407495,5.285
18.18688941001892,5.111321380840529,5.285
18.220069885253906,4.654211338651564,5.285
18.246063709259033,5.235987755982998,5.285
18.272481679916382,5.069765922459714,5.285
18.298500299453735,4.9866550056980845,5.285
18.32428550720215,5.156654608165065,5.285
18.351825952529907,4.839322016893375,5.285
18.379948377609253,4.283989982167893,5.285
18.408412218093872,4.759988869075444,5.285
18.434866189956665,4.903544088936442,5.285
18.46006941795349,5.1528768392213555,5.285
18.485214233398438,3.4906585039886613,5.285
18.5104398727417,5.319098672744622,5.285
18.53563356399536,6.067096923599333,5.285
18.560776233673096,5.069765922459714,5.285
18.58599090576172,4.57110042188991,5.285
18.611159086227417,4.737322255413179,5.285
18.6364004611969,5.900875090076068,5.285
18.661622762680054,5.568431423029526,5.285
18.68685793876648,6.3995405906458736,5.285
18.711971759796143,6.482651507407518,5.285
18.737128734588623,5.485320506267911,5.285
18.762229919433594,5.817764173314432,5.285
18.78789758682251,6.815095174454038,5.285
18.814112186431885,4.820433172174824,5.285
18.840302228927612,4.73732225541317,5.285
18.866230726242065,5.983986006837692,5.285
18.892518281936646,4.820433172174824,5.285
18.91841983795166,3.906213087796823,5.285
18.944098234176636,5.235987755982998,5.285
18.970056772232056,4.903544088936477,5.285
18.996261835098267,4.57110042188991,5.285
19.021676301956177,5.485320506267911,5.285
19.046966075897217,5.319098672744627,5.285
19.072248935699463,4.737322255413194,5.285
19.097434043884277,5.900875090076061,5.285
19.122554779052734,5.949986086344306,5.285
19.1498601436615,4.2046568343499855,5.285
19.178013801574707,5.077321460347123,5.285
19.206125020980835,6.663984416705627,5.285
19.234193563461304,4.680655721257502,5.285
19.261735439300537,4.759988869075444,5.285
19.289093732833862,5.473987199436765,5.285
19.31651759147644,4.839322016893386,5.285
19.343878030776978,6.187985529798087,5.285
19.371262550354004,6.743317564523546,5.285
19.398879528045654,5.077321460347145,5.285
19.42664909362793,5.734653256552801,5.285
19.452319383621216,4.1555458380817365,5.285
19.47738003730774,4.155545838081725,5.285
19.50237536430359,4.404878588366639,5.285
19.527523279190063,5.983986006837703,5.285
19.552539587020874,7.646204342070397,5.285
19.57756233215332,3.906213087796835,5.285
19.602542400360107,3.966657390896204,5.285
19.627729415893555,4.238656754843379,5.285
19.652436017990112,3.0751039201804877,5.285
19.676945209503174,5.65154233979116,5.285
19.701436519622803,4.903544088936454,5.285
19.725986003875732,6.731984257692416,5.285
19.75046467781067,6.150207840360969,5.285
19.774925708770752,5.1528768392213555,5.285
19.799437284469604,5.2359877559829915,5.285
19.823904275894165,5.235987755982989,5.285
19.84846019744873,5.235987755982985,5.285
19.873008489608765,4.487989505128277,5.285
19.897501945495605,5.069765922459719,5.285
19.92197036743164,4.820433172174824,5.285
19.946446895599365,5.152876839221344,5.285
19.970905542373657,4.404878588366651,5.285
19.995535135269165,7.230649758262213,5.285
20.021673679351807,5.235987755982998,5.285
20.048426389694214,4.487989505128256,5.285
20.073497533798218,4.404878588366651,5.285
20.099001169204712,3.6568803375119097,5.285
20.12416100502014,5.069765922459738,5.285
20.14920926094055,4.487989505128304,5.285
20.17416000366211,6.233318757122605,5.285
20.19905972480774,5.402209589506258,5.285
20.223896741867065,5.319098672744604,5.285
20.248360633850098,4.23865675484339,5.285
20.272822618484497,5.319098672744651,5.285
20.297367334365845,5.235987755982998,5.285
20.321762800216675,4.654211338651541,5.285
20.346275329589844,5.817764173314432,5.285
20.370750665664673,4.90354408893643,5.285
20.3952476978302,5.235987755982998,5.285
20.419698476791382,5.734653256552801,5.285
20.444215059280396,5.485320506267888,5.285
20.468631982803345,5.817764173314432,5.285
20.49306607246399,4.73732225541317,5.285
20.51756477355957,6.1502078403609755,5.285
20.542027473449707,6.067096923599345,5.285
20.56652021408081,5.983986006837714,5.285
20.591511249542236,7.396871591785497,5.285
20.61689329147339,6.1502078403609755,5.285
20.641685485839844,4.73732225541317,5.285
20.66748857498169,5.235987755982998,5.285
20.693339586257935,5.235987755982998,5.285
20.719116926193237,3.656880337511933,5.285
20.74480938911438,3.4906585039886497,5.285
20.77047348022461,6.565762424169149,5.285
20.796136379241943,5.817764173314432,5.285
20.82131814956665,5.568431423029529,5.285
20.846473932266235,4.204656834349974,5.285
20.87392568588257,5.870652938526375,5.285
20.901061058044434,5.315320903800915,5.285
20.92821741104126,6.9813170079773155,5.285
20.954879999160767,6.8226507123414715,5.285
20.9813175201416,2.855993321445262,5.285
21.007741689682007,3.4906585039886577,5.285
21.034114599227905,5.553320347254685,5.285
21.061121702194214,5.394654051618837,5.285
21.088239192962646,5.315320903800912,5.285
21.115339994430542,7.06065015579527,5.285
21.1424560546875,4.918655164711283,5.285
21.169090032577515,4.521989425621664,5.285
21.195590496063232,3.966657390896204,5.285
21.222631454467773,4.680655721257502,5.285
21.24944567680359,5.160103875461504,5.285
21.27594804763794,6.898206091215693,5.285
21.300906658172607,5.900875090076037,5.285
21.325854539871216,5.402209589506258,5.285
21.350764274597168,3.9062130877968704,5.285
21.375625133514404,4.1555458380817365,5.285
21.400476932525635,4.90354408893643,5.285
21.42561101913452,5.152876839221391,5.285
21.45020055770874,6.399540590645865,5.285
21.47451162338257,5.485320506267888,5.285
21.49886989593506,5.152876839221344,5.285
21.523219347000122,4.57110042188991,5.285
21.54759931564331,4.73732225541317,5.285
21.57193350791931,4.73732225541317,5.285
21.59633231163025,4.820433172174824,5.285
21.620677947998047,6.1502078403609515,5.285
21.645040035247803,5.817764173314432,5.285
21.669410467147827,6.1502078403609515,5.285
21.693594217300415,5.402209589506258,5.285
21.717778205871582,5.651542339791148,5.285
21.741979837417603,6.482651507407518,5.285
21.766228914260864,6.482651507407518,5.285
21.79040551185608,6.815095174454062,5.285
21.814979791641235,5.319098672744627,5.285
21.8399600982666,4.404878588366651,5.285
21.864917516708374,4.73732225541317,5.285
21.890100479125977,5.069765922459726,5.285
21.915083646774292,4.820433172174812,5.285
21.940011262893677,3.989324004558465,5.285
21.964850664138794,5.734653256552801,5.285
21.989709615707397,6.1502078403609755,5.285
22.014381408691406,5.817764173314432,5.285
22.038859605789185,4.737322255413182,5.285
22.063183546066284,5.900875090076061,5.285
22.087547063827515,5.65154233979116,5.285
22.111898183822632,5.817764173314432,5.285
22.136250972747803,6.565762424169143,5.285
22.160651206970215,6.31642967388424,5.285
22.185015201568604,5.152876839221349,5.285
22.209357500076294,4.903544088936451,5.285
22.2337749004364,4.820433172174815,5.285
22.258135318756104,4.404878588366642,5.285
22.282479524612427,5.817764173314431,5.285
22.3069167137146,5.983986006837692,5.285
22.331271648406982,5.734653256552779,5.285
22.3556547164917,5.06976592245969,5.285
22.38056468963623,7.06065015579527,5.285
22.40633463859558,5.817764173314432,5.285
22.431571006774902,4.487989505128304,5.285
22.456669330596924,4.654211338651517,5.285
22.482112169265747,4.9866550056980845,5.285
22.50721836090088,4.57110042188991,5.285
22.53213930130005,4.9866550056980845,5.285
22.55707859992981,5.402209589506258,5.285
22.58231544494629,4.820433172174824,5.285
22.6069974899292,4.9866550056980845,5.285
22.631394386291504,6.316429673884212,5.285
22.65582823753357,5.485320506267911,5.285
22.68019962310791,5.069765922459714,5.285
22.70455241203308,4.73732225541317,5.285
22.728900909423828,4.73732225541317,5.285
22.753337621688843,4.903544088936454,5.285
22.77893614768982,5.402209589506258,5.285
22.804800987243652,5.734653256552801,5.285
22.829413414001465,5.402209589506258,5.285
22.853782653808594,4.820433172174824,5.285
22.87836480140686,5.983986006837714,5.285
22.902792930603027,6.565762424169149,5.285
22.927186012268066,6.565762424169149,5.285
22.952127933502197,4.9866550056980845,5.285
22.977248191833496,4.57110042188991,5.285
23.0024311542511,4.238656754843367,5.285
23.027313232421875,4.73732225541317,5.285
23.052695512771606,5.900875090076061,5.285
23.077722311019897,5.651542339791148,5.285
23.102579355239868,5.4853205062679,5.285
23.127421140670776,5.1528768392213555,5.285
23.152280807495117,5.817764173314432,5.285
23.177037954330444,5.568431423029529,5.285
23.20146131515503,5.817764173314432,5.285
23.225876331329346,6.316429673884247,5.285
23.250271320343018,4.820433172174812,5.285
23.274675369262695,3.906213087796835,5.285
23.299088954925537,4.737322255413182,5.285
23.32354974746704,6.565762424169143,5.285
23.347941637039185,3.6493247996245026,5.285
23.37368154525757,4.680655721257519,5.285
23.400116205215454,5.315320903800915,5.285
23.426584720611572,4.918655164711292,5.285
23.452993631362915,5.63265349507261,5.285
23.48369789123535,4.918655164711292,5.285
23.511789321899414,5.553320347254685,5.285
23.539031982421875,4.759988869075444,5.285
23.566293001174927,6.011689645758254,5.285
23.597797393798828,5.949986086344306,5.285
23.62574601173401,4.2839899821679275,5.285
23.653417110443115,6.316429673884212,5.285
23.679540157318115,5.734653256552779,5.285
23.705127239227295,3.739991254273563,5.285
23.730918407440186,5.734653256552779,5.285
23.75643754005432,6.731984257692432,5.285
23.781874895095825,3.989324004558476,5.285
23.80762529373169,4.321767671604996,5.285
23.832849740982056,6.316429673884258,5.285
23.85786199569702,4.571100421889934,5.285
23.882814168930054,4.404878588366627,5.285
23.907822847366333,5.817764173314432,5.285
23.932743072509766,5.319098672744627,5.285
23.95772957801819,4.072434921320083,5.285
23.982699871063232,5.069765922459714,5.285
24.007680416107178,6.565762424169149,5.285
24.032597303390503,4.9866550056980845,5.285
24.05762481689453,4.57110042188991,5.285
24.08258891105652,5.069765922459714,5.285
24.1075656414032,5.900875090076061,5.285
24.132513523101807,4.57110042188991,5.285
24.15752410888672,5.734653256552801,5.285
24.182944536209106,6.482651507407518,5.285
24.20875358581543,5.900875090076061,5.285
24.23482060432434,6.233318757122605,5.285
24.260668754577637,6.233318757122593,5.285
24.287058115005493,5.402209589506258,5.285
24.312941789627075,4.1555458380817365,5.285
24.338727235794067,6.482651507407518,5.285
24.364509344100952,5.817764173314432,5.285
24.390801906585693,4.654211338651541,5.285
24.41635799407959,4.57110042188991,5.285
24.44159460067749,5.069765922459726,5.285
24.466885089874268,5.319098672744617,5.285
24.492042064666748,4.57110042188991,5.285
24.517083168029785,5.319098672744622,5.285
24.5420401096344,5.319098672744622,5.285
24.567087173461914,4.654211338651546,5.285
24.592033624649048,5.817764173314432,5.285
24.617043018341064,5.900875090076064,5.285
24.642009496688843,5.402209589506259,5.285
24.666980028152466,5.485320506267893,5.285
24.691892385482788,7.313760675023866,5.285
24.716856479644775,5.734653256552824,5.285
24.741745471954346,4.820433172174824,5.285
24.767329931259155,5.5684314230295175,5.285
24.79323983192444,5.06976592245969,5.285
24.81930899620056,5.06976592245969,5.285
24.84498906135559,5.817764173314432,5.285
24.871384143829346,5.5684314230295175,5.285
24.897217273712158,4.73732225541317,5.285
24.92281413078308,5.651542339791171,5.285
24.94852352142334,5.900875090076085,5.285
24.97432780265808,5.152876839221344,5.285
24.99966025352478,5.402209589506258,5.285
25.024701356887817,6.7319842576924085,5.285
25.049772262573242,5.235987755982998,5.285
25.074892282485962,5.817764173314432,5.285
25.099916696548462,5.817764173314432,5.285
25.12508749961853,4.404878588366651,5.285
25.150166511535645,4.48798950512828,5.285
